{
  "path": "x",
  "artifact_prefix": "",
  "best_val_exact_match": 0.6553333333333333,
  "test_loss": 0.14400841554005941,
  "test_exact_match": 0.7033333333333334,
  "test_bit_acc": 0.9498148148148148,
  "test_pred_mean_hamming": 1.189,
  "test_true_mean_hamming": 1.2186666666666666,
  "test_pred_zero_mask_ratio": 0.14566666666666667,
  "test_true_zero_mask_ratio": 0.10833333333333334,
  "test_bit_activation_rate": [
    0.15733333333333333,
    0.31933333333333336,
    0.10566666666666667,
    0.14,
    0.20933333333333334,
    0.14033333333333334,
    0.021333333333333333,
    0.07133333333333333,
    0.024333333333333332
  ],
  "pos_weight": [
    4.0,
    2.284072160720825,
    4.0,
    4.0,
    3.4900577068328857,
    4.0,
    4.0,
    4.0,
    4.0
  ],
  "decision_thresholds": [
    0.6499999761581421,
    0.550000011920929,
    0.6499999761581421,
    0.8500000238418579,
    0.75,
    0.8500000238418579,
    0.75,
    0.800000011920929,
    0.6000000238418579
  ],
  "test_ambiguity_clear": {
    "exact_match": 0.7229357798165138,
    "bit_acc": 0.95361875637105,
    "pred_mean_hamming": 1.0880733944954128,
    "true_mean_hamming": 1.081651376146789,
    "pred_zero_mask_ratio": 0.1651376146788991,
    "true_zero_mask_ratio": 0.12752293577981652,
    "bit_activation_rate": [
      0.13944954128440368,
      0.27660550458715594,
      0.07247706422018349,
      0.12981651376146788,
      0.19770642201834862,
      0.14678899082568808,
      0.023853211009174313,
      0.07477064220183487,
      0.026605504587155965
    ],
    "sample_count": 2180
  },
  "test_ambiguity_ambiguous": {
    "exact_match": 0.651219512195122,
    "bit_acc": 0.9397018970189702,
    "pred_mean_hamming": 1.4573170731707317,
    "true_mean_hamming": 1.5829268292682928,
    "pred_zero_mask_ratio": 0.09390243902439024,
    "true_zero_mask_ratio": 0.05731707317073171,
    "bit_activation_rate": [
      0.2048780487804878,
      0.4329268292682927,
      0.19390243902439025,
      0.16707317073170733,
      0.24024390243902438,
      0.12317073170731707,
      0.014634146341463415,
      0.06219512195121951,
      0.018292682926829267
    ],
    "sample_count": 820
  },
  "quantized_test": {
    "exact_match": 0.7056666666666667,
    "bit_acc": 0.95,
    "pred_mean_hamming": 1.1906666666666668,
    "true_mean_hamming": 1.2186666666666666,
    "pred_zero_mask_ratio": 0.144,
    "true_zero_mask_ratio": 0.10833333333333334,
    "bit_activation_rate": [
      0.16,
      0.318,
      0.10466666666666667,
      0.13933333333333334,
      0.21066666666666667,
      0.14233333333333334,
      0.021333333333333333,
      0.07033333333333333,
      0.024
    ],
    "sample_count": 3000
  },
  "input_dim": 24,
  "hidden_dim": 32,
  "output_dim": 9,
  "model_path": "artifacts/models/policy_x.pt"
}