{
  "path": "z",
  "artifact_prefix": "",
  "best_val_exact_match": 0.631,
  "test_loss": 0.13312283249696097,
  "test_exact_match": 0.7093333333333334,
  "test_bit_acc": 0.9544444444444444,
  "test_pred_mean_hamming": 1.224,
  "test_true_mean_hamming": 1.1926666666666668,
  "test_pred_zero_mask_ratio": 0.145,
  "test_true_zero_mask_ratio": 0.12,
  "test_bit_activation_rate": [
    0.15066666666666667,
    0.32566666666666666,
    0.1,
    0.132,
    0.232,
    0.165,
    0.023,
    0.076,
    0.019666666666666666
  ],
  "pos_weight": [
    4.0,
    2.3301618099212646,
    4.0,
    4.0,
    3.5263497829437256,
    4.0,
    4.0,
    4.0,
    4.0
  ],
  "decision_thresholds": [
    0.699999988079071,
    0.6000000238418579,
    0.550000011920929,
    0.8500000238418579,
    0.699999988079071,
    0.75,
    0.6000000238418579,
    0.75,
    0.699999988079071
  ],
  "test_ambiguity_clear": {
    "exact_match": 0.7390904915020671,
    "bit_acc": 0.9594753228193743,
    "pred_mean_hamming": 1.1345888837850253,
    "true_mean_hamming": 1.056499770326137,
    "pred_zero_mask_ratio": 0.16766192007349565,
    "true_zero_mask_ratio": 0.1414790996784566,
    "bit_activation_rate": [
      0.14193844740468534,
      0.3040881947634359,
      0.07625172255397336,
      0.12586127698667893,
      0.19935691318327975,
      0.16306844281120808,
      0.0266421681212678,
      0.07854846118511713,
      0.018833256775378962
    ],
    "sample_count": 2177
  },
  "test_ambiguity_ambiguous": {
    "exact_match": 0.6306196840826246,
    "bit_acc": 0.9411367625219387,
    "pred_mean_hamming": 1.4605103280680438,
    "true_mean_hamming": 1.5528554070473877,
    "pred_zero_mask_ratio": 0.0850546780072904,
    "true_zero_mask_ratio": 0.06318347509113001,
    "bit_activation_rate": [
      0.17375455650060753,
      0.3827460510328068,
      0.16281895504252733,
      0.14823815309842042,
      0.3183475091130012,
      0.1701093560145808,
      0.013365735115431349,
      0.0692588092345079,
      0.02187120291616039
    ],
    "sample_count": 823
  },
  "quantized_test": {
    "exact_match": 0.713,
    "bit_acc": 0.9545555555555556,
    "pred_mean_hamming": 1.2263333333333333,
    "true_mean_hamming": 1.1926666666666668,
    "pred_zero_mask_ratio": 0.14433333333333334,
    "true_zero_mask_ratio": 0.12,
    "bit_activation_rate": [
      0.15233333333333332,
      0.32266666666666666,
      0.09966666666666667,
      0.13266666666666665,
      0.232,
      0.16633333333333333,
      0.023,
      0.07766666666666666,
      0.02
    ],
    "sample_count": 3000
  },
  "input_dim": 24,
  "hidden_dim": 32,
  "output_dim": 9,
  "model_path": "artifacts/models/policy_z.pt"
}